BondCounts,frequency
1,0.22297324809642086
2,0.31177979559428315
3,0.28563866606946536
4,0.1468300826580887
5,0.03277820758174193
